ProviderID	ProviderSpecialty	ProviderLocation
fdef1659-e8cf-44d1-8dfb-d7349c9b877c	Orthopedics	Colonville
9535e4ab-7167-42fa-89d8-3f344cae4c87	Cardiology	New Stephanie
c81c6c4d-6351-475b-b115-23c95bf6f19b	Cardiology	Ericland
04f55d33-aff2-4d5f-95b8-0c62fb0990ac	Neurology	Whiteburgh
92e0070a-56d4-4316-a6f2-832434c0c3a4	Pediatrics	Vargasside
a0d5ce07-c4e1-4b43-aea1-0b770836c805	Cardiology	New Susanhaven
a508581b-1157-4265-b881-4e0a73bac7ee	General Practice	East Tammyville
8d780db8-51c4-47b7-b837-b1af0688491e	Neurology	Lake Veronica
17f722d8-adcb-428d-979d-a89540d5a7d8	General Practice	Lake Jennifer
3e5f02d0-ad96-4c6f-9eda-49be4185d9bd	Pediatrics	Port Jennifer
6b77376b-e3b9-4dfe-b20e-5cf9d08968dd	General Practice	Rasmussenfurt
e13885dc-345a-458c-bb42-b82d0db46109	Pediatrics	Nataliebury
c2c2980d-6291-4d11-b680-c5a223a3510b	Neurology	Lake Jasonbury
76192509-7ace-440c-aa36-43fc69ec8e3f	Pediatrics	West Elizabethshire
aa46cfff-f13b-4e43-b992-948f19046c40	Cardiology	North Lindaport
163ea0f7-f726-42cf-bb64-a1a1840f6043	Neurology	Matthewston
4d9b993e-894e-4c1c-bf2b-39169c2e9768	General Practice	New Nicholas
eeac5209-f0c3-48db-9ebb-c8e180b74e4e	General Practice	Danieltown
3d7eba88-511d-48cb-ade9-6094ec6dfc1b	Cardiology	Danielton
f6a8353f-bd2c-448d-92f7-36754b18adeb	Neurology	Bakerfort
3f01793b-3b6b-4c26-b006-b01b5c27efa1	Orthopedics	Angelafurt
298e4f41-80e4-466d-9553-aa8ddd0fd393	General Practice	Evansfort
a060646f-4d84-4a13-821a-9ffd5d58145c	Cardiology	Mccarthyview
58c8804a-53df-4dfb-a132-b8f0dc5e0e53	Orthopedics	West Thomas
4cf0c6a7-3254-4f18-8c6f-07b1a08349ba	Neurology	Yangfort
e0f1fabf-0ae5-4f13-88b1-c97549a505ef	Pediatrics	Leachshire
7a659069-9490-4f10-9c37-ee84bb3c08d3	Orthopedics	West Melanie
198378ec-0daa-4138-a7a0-413962ddc455	Neurology	South Kevin
5de86605-f068-4f96-a1c1-68d6225a1741	Orthopedics	Port Heidi
dedfd7c9-2d65-4591-b32b-1577aec7666f	Cardiology	Taylorfort
9f3e1e44-278d-4d16-9c3e-b9b1a278992a	Neurology	Wendyside
72620ce5-9dd3-4a87-a277-aecc3710c43e	Neurology	New Emily
24e223d0-a1ee-45a1-8cb1-73c16c5e7b6a	Pediatrics	East Annaton
a38397a5-63b5-4984-89b4-34c29029ae8f	Neurology	South Johnfurt
1541a7b4-ee8a-4d83-8c37-e4904be6857f	Cardiology	Lake Jamesfurt
16b45cea-2dd8-4af5-9523-d9ef091e2ad7	Neurology	Hicksfurt
1288a8b5-af25-4102-af0e-5a8d55634985	Neurology	Woodsland
8f298199-cd0e-4a35-9985-c2d119dbcd4d	General Practice	Christinefurt
e1053a99-fc41-4424-80dc-33a39da6379e	Cardiology	Melendezport
8c7eb1fe-960b-4e21-80ed-6c2dfdc2169b	General Practice	Normanton
1adc74d2-2f85-473a-8c2c-3952c76e4061	Orthopedics	East Timothyhaven
57e179af-e7b6-4b93-97f3-60d494a70199	Orthopedics	Michaelberg
992e9ad9-04ca-45cb-afdb-b2c9351353ef	Cardiology	East Michaeltown
6b4257f8-f0b6-4ed5-bf02-a0a4f548e2d5	General Practice	Snyderhaven
ce5e593e-04d6-4c0a-9138-1e67df0ef230	Orthopedics	Port Carlmouth
0fb7c0ba-d193-41d7-8bb4-7a018ec36932	General Practice	Mckenziehaven
65c59b63-4616-4de0-a93e-b7e320954a84	Neurology	East Marcusbury
b8a68ada-fb0a-49f8-be90-8f7d698329de	Neurology	New Angela
571d7dd3-1155-4b2b-9414-92a65a117be8	Neurology	Amberton
7b6c0018-6eca-437f-b4b5-70fea49a155a	Neurology	Tylerville
5ce33070-150b-4a12-8ba7-42c447517f2c	Neurology	Port Christianton
f8f354f4-3fc9-4d2b-935d-873664591246	Cardiology	West Lori
8ae5acca-103f-4e82-becd-5edaa5548a97	General Practice	Harrisborough
0509faf8-3db1-45ad-bd6e-d3084d709217	General Practice	East Kendra
bf21cfd5-1d6e-4bbf-bd2b-438a83cde359	Neurology	Conniemouth
44ade6df-94e8-45a4-af23-accf948a1fde	Orthopedics	Johnstonborough
21df283c-64dc-4507-9e9a-6f372b4fa91e	Cardiology	Rodriguezchester
77d786e5-3a5c-4002-aa8d-332b7e2dcffb	Orthopedics	Garciaview
3c5d3607-423d-4743-a6e1-e364b709a71e	General Practice	Grantborough
834df828-d801-4c02-aec6-0d188a094e67	Neurology	Gloverfort
688f8030-c4be-4e90-8292-855fa4b45f58	Neurology	Piercechester
0f90d5eb-e2e7-4a5d-9edf-1c4c4fefa545	Pediatrics	Elizabethport
f83ba511-398c-4d1d-a547-e46b3bbc7191	Pediatrics	East Aaronport
68f47186-c2c0-4d52-8fcd-add3d1730df3	Neurology	Jennifermouth
19d5c910-b57e-494c-bde7-2b0e79000eea	Orthopedics	Simpsonshire
b4c7115d-4509-4d6b-8313-a346f07da17f	Cardiology	North John
192fe7ad-097e-498a-9f76-bcd55f579bbd	Orthopedics	Ruizport
a0d542e0-9788-45a7-afa1-701226e6fec9	Orthopedics	New Annaville
cf778e88-38f5-406e-a839-3ed65fcc6371	General Practice	Williamshaven
6811be9a-4708-437e-962d-c06fef000d1c	Orthopedics	Jonathanfort
e790177f-feb6-4cba-ab4a-07e2587c92e8	Orthopedics	Port Elizabethshire
a3df5127-57b8-4579-8991-ab4e17692041	General Practice	New Rachelview
0fd9e343-5b97-4cd1-84a5-389210488af9	General Practice	East Katrinaburgh
8d61084a-5910-4a87-8762-8d0618b51166	General Practice	Lake Fernando
a8f3e4d2-49f9-4623-bf01-15dee0550fc0	General Practice	Osbornebury
4024627c-7cd3-4dc2-804b-d9bd27a9ef12	General Practice	Barajasfurt
822e5605-56d1-440e-b00a-5463d6c8406e	Cardiology	East Aaron
2f22ed51-98ce-4564-a4ed-a4906777cdf4	Pediatrics	Albertborough
c11011dc-bebf-46e0-948c-4fdda17492e9	Pediatrics	West Wesleytown
2c3526a7-4d8a-45d0-abb8-e353492451c1	Cardiology	West Melissaborough
582bd9b3-f76f-48b0-b7fc-ce9bf515a251	Cardiology	Andrewside
028e4da8-3a6a-4d2a-8f83-a3fce424f57f	Orthopedics	Port Mary
66f063b6-1b25-4a54-bd78-e667f377c63c	Cardiology	East Kathyburgh
7783431e-0fa5-4f9c-8550-01233184e397	Pediatrics	Earlmouth
a60c7734-3a7f-4463-ba5c-e6e32188a8c2	Neurology	Obrienshire
3ab6002d-d823-48e6-853a-879771251eb7	Neurology	Bernardberg
ca219ef7-0f73-427a-943d-be717e359dea	Neurology	Tranberg
a64f48bc-65d2-43d3-b0e3-c807225a2235	Orthopedics	Nelsonbury
e986b0e3-737a-4f52-9712-e8bdc4bfe731	Pediatrics	Lisastad
c3b3c9f7-02b5-4917-bc56-1664e6a75683	General Practice	West Steven
e998b527-f047-447a-94e0-c59309d2f73d	General Practice	New Maryland
6910dcb1-d170-471a-8209-7c46bca96726	Neurology	Ericchester
b6c37c96-d4e9-4f85-aed9-1e1d3156f75e	Orthopedics	South Deanna
b485491f-e542-47a2-92e6-15f3370eee03	Neurology	New Breanna
1d3f0fc5-bf80-4bc0-a0e3-d03b54e3b743	Cardiology	Hansenstad
e40278aa-933d-4275-9235-db2ff7849f98	Cardiology	Adkinsside
14c7086c-6d08-4f17-ba80-b24ea5094efc	Orthopedics	Morsetown
1a966c0b-72cc-4793-8281-c825d650f424	Orthopedics	Taylorville
fb97bf5b-a05f-4721-8db0-8b0592806416	Orthopedics	South Katherine
024f7538-1011-4ad9-a1ba-4657020297b8	Orthopedics	Tylerchester
4f37320d-da57-4ab5-b675-81f5e3397be1	Neurology	Jessicaport
ef6f717f-c10b-43ac-8c7f-96b74d76f6aa	Orthopedics	Andersonfurt
df296daa-0a13-49bc-a00f-7423d24baf77	Orthopedics	Bryantfurt
b42e08c4-cd4c-4912-a476-e82251930782	Orthopedics	Larsonchester
0d4fc4b5-5ce9-4390-b6a5-b115f5ff3319	Cardiology	Griffinside
35907a1a-e919-40df-89cf-631316680702	Pediatrics	Brewerton
78bb76a5-c260-4353-aed4-b5cacf247781	Cardiology	Ericton
aa1cdedf-5911-4288-8ea6-8a1aea421f16	Cardiology	Roberthaven
adec002b-8a86-44ee-9f4b-b21ea986ab9f	Cardiology	Bryanmouth
2f975cb1-53c8-4ec2-ac4d-690ebe778d8e	Pediatrics	West Lisahaven
90e1ead2-6b18-499c-bc12-2c993215afe5	Pediatrics	Johnton
42b80168-7611-4f52-bb64-424c5ee78d9d	Cardiology	Port Heather
da35a55f-c697-40c9-85b2-3097f18ec439	Orthopedics	Sandersland
01034ca7-43ca-4c7a-aab0-7b362d375df5	Cardiology	East Wendymouth
0b4ad543-01a1-433c-ba15-796d9ec57867	Cardiology	West James
655694c3-f6a6-4333-94c3-fc2626ca61c1	General Practice	Stephaniebury
135d6885-805f-4ec7-833d-ab9aa092c691	General Practice	Stevensmouth
956b84d7-db85-4d22-9fe1-4122af2f2845	Cardiology	Hogantown
ef6c4a58-1797-4a4d-bb8d-fef444f63900	Pediatrics	Harrisonview
de651eba-1dde-4e4c-9408-bd4092aa5847	Cardiology	Annmouth
e42c19ff-f2df-4ba2-9cd4-3725196038eb	Neurology	Solismouth
6e31bcc9-ecfc-4277-91ce-c06f768b14ca	Cardiology	Gillhaven
de688886-07d7-48eb-9cdc-7bb49144a5d9	Cardiology	Ericshire
11808177-158f-4174-a382-cf5626141ac2	Neurology	South Sandrafurt
98ad76cf-f0f3-48bf-af2b-ae5b40d1add3	Cardiology	New Joshua
e07d10af-2bf5-4459-b9f0-5d8a2cb6812e	Cardiology	Amandachester
201ccb2b-559e-450b-be8b-474d9df19291	Cardiology	North Jeffrey
222eccdc-379e-446f-93ce-3d412489db71	General Practice	Andersonmouth
bfe32b44-3635-4c88-a1a7-625bbfddca4d	Orthopedics	Williamsshire
ff043752-2c89-47b9-9f1d-d00a9cc495d7	General Practice	Lake Jessica
6ba099a6-ab13-489d-9fec-8508e87e66de	Orthopedics	Rickyhaven
c9dc4633-0822-4d40-973a-4aa889365df0	Orthopedics	Erikashire
b7ba3381-bd5e-400c-94b7-979b4fb589b7	Neurology	East Isaiah
e1161b32-8d35-4711-89f3-08e8c7a9fb44	Cardiology	Meredithfort
8fb86c2e-6651-42c7-a49c-18fe2303decf	Cardiology	West Thomas
c7b90eee-4cfc-4460-bf5e-572d9bf1482c	Orthopedics	South Sherrifort
a3a8f71f-2724-4010-9416-5267b918a7ca	Neurology	Barrettbury
efca586e-4a9b-4265-804a-dce03e0759ef	General Practice	Joeshire
7c80c7ed-73eb-427f-9cbb-85b16e05f492	Neurology	North Jonstad
9fa2e30b-4d24-49ff-ae8c-3be67c983596	Neurology	Ryanton
21b23020-2657-402d-a4bf-5f56fe1c9a1d	Orthopedics	Mclaughlinfort
2cb6c970-83bb-47c8-a143-edb4c9bb531c	General Practice	West Brianton
9390d0a4-0dae-4b4e-99b1-54edef535b1e	General Practice	South Joseph
4ad24a5e-2b5c-4fa9-832a-05c74921b15d	Orthopedics	South Donna
9f012d61-127f-4550-9fd5-3a44401a757e	General Practice	New Steven
ba07b404-fc07-4dd2-97b4-a6435c4440f6	General Practice	Lopezland
46078b76-107d-4217-832c-bda75da7eb2d	Cardiology	Martinside
7c58d03a-97c5-4b6a-90af-fe68e13146cc	Cardiology	Colemanstad
26aa0660-cfb5-41da-a960-b334cd294d92	General Practice	Port Adrianburgh
7d73bc2c-a5b0-42fb-95cd-8f157f7f24f1	Cardiology	South Katherinehaven
7ac6ac99-688e-484b-9e3a-7682c4f90fe5	General Practice	West Heatherstad
12735edc-40cd-46ba-844f-6b0d5b23caf8	Orthopedics	Danaport
b9baba14-27e3-4ed8-aafa-18fdf65598a7	Orthopedics	Kiaratown
e8b15428-68f1-4ea8-b98b-9199c1691193	Neurology	West Travis
b0342f9c-a44d-47c2-a0f8-02a64eed0053	Orthopedics	East Jonathanside
8da370fd-1eb3-4840-aaa1-13d31b60072c	General Practice	Lake Ericport
66c51c48-c072-49a6-9833-9a697220555d	Cardiology	Jeremyfort
b9e334f5-547b-48e4-ae2e-603acfd3e1bd	Cardiology	Collinsburgh
d13bb455-aca4-4b61-94c8-90dbc3ce6b9d	Orthopedics	Rachelbury
a663ad7d-9e00-4267-a195-fd859c4ff3fc	General Practice	Port Devinberg
9ec1999b-552a-4ddc-95f9-79e7e50e7479	Pediatrics	Lake Loriland
a090d275-6ece-4685-9850-0e0afa9037b7	Neurology	Leonardborough
ce4f7e85-ea8f-4478-9491-5dec60dfc9c2	General Practice	Hallton
54be6756-c1e3-4349-89fb-59d68e150aab	Orthopedics	Walkerfurt
22431880-9e7e-4915-bd23-52bb1999e0a5	Pediatrics	North Matthewberg
64d3ddd1-328f-45d9-a6b5-04e756bca767	Cardiology	Joneshaven
a7dea2a5-cc4c-4a55-8c30-b7b4259e5fc7	Orthopedics	East Jasonshire
d85b8d4a-5f2b-4369-9b6c-70059ca197c2	Neurology	East Lindsey
66c66f80-eb5e-420f-b754-f09925c9ec2f	Pediatrics	Lake Markchester
39bf4d97-03cd-4bef-a80f-d3f06427700a	Pediatrics	Gonzalezchester
2752a6a2-c846-4088-8671-d81bfe24f6ef	Orthopedics	Loriland
15bad8a5-e6f9-4093-b856-ce0bb4816974	General Practice	Hoganborough
f6035cc4-31a2-459b-9f4d-fae78074aa2c	Orthopedics	Devonland
c4be4468-c861-421b-9d51-567836832092	Pediatrics	Owensburgh
8f413d3b-968e-4e4c-a018-b483e9e15d9c	Cardiology	New Sarahmouth
7133b4f5-3b88-4b22-b97a-fd957c4e4660	Neurology	South Yeseniaside
ccf41eaf-c699-4f38-99c6-4b34117a1bd8	Cardiology	Martinezshire
95f0b858-8133-4aa9-9b3f-42b996f3ae00	Pediatrics	South Nicholas
8be8eed0-c9d9-4b81-88df-960f7035cb6c	Cardiology	Lake Karenhaven
632e0a88-95b7-4804-8983-bef8cf4ff747	General Practice	Williamborough
e9e5b894-783b-405d-983b-dfd6474d64b0	Orthopedics	South Sandra
fd2da346-4612-45a8-ae44-fc0e3f5533a8	Pediatrics	Benderfurt
0842b445-2bc6-4c70-962d-267ca0e63a02	Neurology	Odonnellfort
5e439fe8-a676-44f7-9187-19a4fafaab30	Neurology	North Dianeland
2dcee8ef-ed9f-4a4f-baa3-ffe651479430	General Practice	East Andrewbury
a1e5af45-ecee-4771-813a-8b66900272e5	Cardiology	West Christopher
1fb04350-77e6-4c26-bc5a-2cb7c4d59427	Cardiology	East Francisco
b9945ca6-cd04-4571-8234-30ed516b51c1	Neurology	Ramirezton
6a35919c-e788-459b-9f84-bf8dd85bc846	Pediatrics	Williambury
c18bd08f-c5c0-41fd-9c03-85e6660c91a2	Cardiology	East Sarahstad
bf32c98b-69a7-416c-9e47-b5d4e5758547	Pediatrics	New Jaredberg
2dffde81-fea1-4d0b-be7a-e985fb4935d1	Neurology	West Leslie
e98ceffb-438a-4c29-a883-8d933600045d	Pediatrics	Shelbyton
2f314819-9ad7-49e0-9df3-22d76f4757a2	General Practice	East Jacobport
f2069fa7-7beb-4d43-8594-093c4519997e	Neurology	Adamside
23c3761d-0fa0-4f5c-b993-b0b9329a35b2	Pediatrics	Lisatown
536cda50-95c5-41e0-a50f-9c11a78410c8	Orthopedics	Mendozaland
2d5f18f9-779a-4308-9141-31575c4966b6	General Practice	North Elizabethside
a0ac66e2-7aff-462b-a0fd-446cdac69f43	Pediatrics	New Denise
cd7aae72-44ab-4bfe-85c6-5961710cad39	Neurology	Lake William
ac061ef1-744f-48ed-a87f-49772bac32b2	Pediatrics	South Michael
4f36ed3a-99a0-4deb-865a-1e401f243f0e	Orthopedics	South Danaville
a80cf751-211e-4202-91bf-19ce56b8a9d6	Cardiology	East Joshua
c4b57552-4f98-47a8-942c-641e0f68ca9a	Pediatrics	Jonathanton
e57c91f0-f556-463a-b630-092849edd329	Neurology	Lake Sonyafurt
f2665982-137e-44b4-aa4b-1d8383d38ef8	Orthopedics	South Jamestown
cbdbdd85-d815-4398-bc2c-a27df000da79	Cardiology	Christophershire
6cd9e667-2c8a-4927-86d1-2bb90c0b2ef7	Pediatrics	North Jeffrey
a99dbf30-b1e8-488a-bffe-10399b298420	Cardiology	Danielville
70c7b4ad-9770-40fb-8696-76ec2a34af6e	Pediatrics	Fryeville
50172793-1693-4ba7-805a-4eb906b40036	Pediatrics	Hallfurt
52d940ad-0df0-435e-bf5c-84c9cb0f5751	General Practice	Hickston
d00289ed-4b9c-4197-aee3-8e4c92c5d88b	Cardiology	Myersfort
88480035-2d88-4713-9d5b-fce65a4f5e32	Cardiology	Timothymouth
bd660e4c-9dc3-4575-add3-61215dc659e7	Orthopedics	New Jessicaside
278f0e3f-4dcb-43d4-b779-fd5e519457d1	Pediatrics	South Brenda
ce24886c-54da-481a-b92f-54fadd18dc9b	Pediatrics	Parkerchester
ec868544-b4ff-4c9a-b7d8-bd127b70b378	General Practice	North Wesleyside
648d1dc1-be7a-4d80-9665-cc90e70dbbc0	Cardiology	Macdonaldstad
1972daee-874b-45d9-8012-6de72d5d848f	Orthopedics	Port Kayla
df854792-8ce8-4af8-9e90-a25c86ddd5e4	Cardiology	New Wendy
a2bd4453-edab-4c4c-bcc0-efee94e504c2	Neurology	Pedrotown
6fc6bfa0-f31a-4419-8087-71f1d2a40467	Orthopedics	Lake Jesseland
ae2781a2-2183-4318-a716-b4a8d7865824	Neurology	Martinezmouth
39eb1000-75c0-488f-b780-afe34cdb06cd	Orthopedics	New Nina
bdc3cc81-b30c-4874-af78-a211efd4b802	General Practice	Danielton
2663c3ba-ea86-4f9d-a7dc-6be9a024b362	Pediatrics	North Aaron
34ef16da-ba84-4c76-a7c7-fee35e44a74a	Cardiology	Ochoamouth
dce19325-f2dc-492f-af12-c7ba37fde8b5	Orthopedics	Thomashaven
99131095-cff5-43b0-bcf7-1d2602b4733f	Pediatrics	Stevenview
03ae7d3a-b093-42dd-a1b0-cf019e01236a	Pediatrics	Port Thomas
e4072f9c-c6c9-4e6a-a21a-e792d6ee1c29	Neurology	New Brandontown
e269e548-c252-47a3-aba4-0b7414f5da86	General Practice	Margaretfort
b2c9021d-54f1-4fa2-a713-b33166fafaee	General Practice	South Brandon
8a106168-70d3-4095-ad87-d4e3bc1e7b8e	Neurology	Thompsonland
2b75918a-2288-4add-8f57-d0b2818b588d	Pediatrics	Susanmouth
d3b7ef7c-d332-485a-9cf0-982023db7195	Neurology	Tracychester
1274ddd0-5f68-4372-9982-7deb145739c3	Pediatrics	North Dawnton
dc6b2f5a-040f-408b-bc08-45698241129a	General Practice	East Nicole
48b12abb-3d64-4bf3-b013-b1ffa2d83eba	Pediatrics	Port Danielchester
0f3fea18-33ad-4341-8041-484dc696755a	Pediatrics	East Ana
1af67de2-e42f-4dd7-8d4d-448ca5b2af0e	General Practice	Vanessaton
9c1a9f85-4482-4de3-979e-a8fe7edcd9e9	Neurology	Lake Jenniferland
a5c98266-e05e-45fc-90dc-f17b0bc6c68f	Orthopedics	Port Angela
ea45ee9d-1d85-4063-8918-ecb0351b17da	Pediatrics	Lake Victortown
414d9296-770a-4e9e-8394-14c1e7a60c34	Cardiology	Jackmouth
97a5e9bc-1e75-4090-96ae-e49a51b41357	Cardiology	Port Stephanieberg
f69ffea8-83a7-4894-9bf9-28917460083f	Neurology	Petersonstad
f490e050-2cd8-4a92-9aba-8c923ce1de7f	Pediatrics	West Timothy
d0ca95bc-ab9b-40e1-824a-82e9a9a730b6	Pediatrics	East Michaelshire
44702111-f654-4a85-992f-bb0ef4ff211c	Orthopedics	Davidton
b5ec1f79-9970-4866-8cae-3206c2c497b9	Orthopedics	Diazfurt
78a82bdb-28a8-4260-81a6-86fe3088e508	Cardiology	South Dana
ebf393ca-91cc-462f-9c89-ce233dc39269	Cardiology	South Kellyborough
386ba074-5ad6-4d0d-8b4a-ee27ffa34e9b	Cardiology	North Seth
cf4e9fb7-e5ec-40ee-906f-83e82eae5ca4	Cardiology	Lake Kellyville
065dc3bc-25ce-41f6-bd22-638c01de8653	Pediatrics	East Diane
dd8a9b17-b185-408a-83b4-482d40d8f18a	Cardiology	Stephenton
f81fa745-052f-4fc5-8eb0-54fabe585319	Orthopedics	Christopherbury
ad5c7ca4-40f2-4e49-bf0d-25afab611a26	Pediatrics	Lake Michael
83edc4e5-7fd3-41f8-b68c-6b381c61b553	General Practice	Callahanstad
f859a23e-cce1-4da8-b17b-cb74cbd823ab	Neurology	South Arthurburgh
e9d0af4e-fa56-4a42-abb9-86e918c9a695	Orthopedics	North Anthonybury
9e82e263-8ce9-4265-8d0b-b8f0df2e4fed	Neurology	Petersbury
9be671da-4e29-4f73-9987-2bca24ed88d0	General Practice	East Haley
901e0854-c3cb-4b0f-830a-7d2a07ddb27f	General Practice	Hollandburgh
b96cebd2-5c6a-453a-9788-35e8e73a2a09	Cardiology	North Christinastad
dea1efde-f7ad-4257-9d61-08f98fdf4e52	Cardiology	Loweshire
7865b036-7c08-4339-9802-cf94ec61fc3b	General Practice	Carlaside
53dd5374-e1e7-4f6e-8064-7864a04004e0	Pediatrics	Port Michael
f7faaed8-c5e6-499f-8155-708ef4eed836	Pediatrics	Burnsborough
76ddf150-938d-43f4-bf6e-e6134e4dd0cd	Orthopedics	Taylorstad
c6e9ef69-6e7f-4eea-b1cd-32f434d8455c	Neurology	South Stephaniefort
fe0b7e31-5587-4a4b-a7f5-44b9e5b3c430	Pediatrics	Port Carol
127c74e3-9cdf-441a-86a6-97d829ec9a1d	Pediatrics	Bradfordfurt
ae83b7e1-4b72-4f26-a5e4-b67309946a84	General Practice	South Amyburgh
2f8df64d-06c6-4530-8d91-b9a587e38d5a	Neurology	Lake Shannon
f85f3f28-b633-4a54-9d84-7a07825d1f28	General Practice	Laurabury
506089fc-33ae-4a99-978f-4bca88d4f46a	Neurology	Katherineland
92a5ce5f-bbe4-48aa-8e97-c9f8a9149887	General Practice	Youngberg
9e7a57a4-d3c7-4ae1-a7ad-055bee071864	General Practice	Port Albertberg
7ab2cba4-b97c-4d34-82a6-d64ddd15c13d	Cardiology	Anthonymouth
1693966f-5df4-4c1a-9b42-73512851d325	Cardiology	West Maxwell
3bee207d-d006-4c81-94c3-acc8d252eb9a	Pediatrics	New Heather
fcc6ba88-6aa3-4e17-aa20-fcd4dd559c97	Cardiology	Lake Amandabury
2e39463c-cb9a-433b-9459-ef4a6e855579	Pediatrics	Kimberlyberg
8bb281d1-c5a2-479e-af5f-9bbf2cd299df	Pediatrics	New Laurachester
86c504c7-dcc6-448b-b087-c8352d61474f	Neurology	Lake Kariborough
33621fb4-f501-4d2a-9f07-2e3d670bef44	Pediatrics	North Matthewland
9a0dda5d-0da0-4788-8ac5-c2a8127d4001	Pediatrics	East Shannon
585714bd-9a3f-4fc0-ae18-6538e571e705	Pediatrics	Joshuamouth
2b1c57ee-3e51-46b1-b2c8-367c9d593d60	Cardiology	Lopezland
6009d3d6-2d29-47ee-b283-e33a1e84bff7	Cardiology	Micheleborough
1d33a8d3-59f7-4922-a6b7-8d9ad58c35cf	Orthopedics	Johnstonhaven
e333339e-18b0-470e-a116-0aef061aae82	General Practice	East Juan
1b1df3cf-1d6a-45ab-a0d2-c967bac080f0	Neurology	Vasquezshire
509fbce1-a07c-48e7-b166-2566405fcfd9	Orthopedics	Scottchester
87fb2779-f95e-46a7-9a91-e31d4869e9b5	Pediatrics	South Monique
4ee6b464-450e-403c-a043-999e0badec34	Pediatrics	Kaylashire
5c57bdd7-5f0e-4efc-8fce-8d46ed0528d7	Orthopedics	Joshuaport
d8df8bd1-c7f4-42b0-ab2f-cb4e75102a90	Neurology	South Danieltown
a15127e2-df5a-4a91-aa72-9037e80421e9	Pediatrics	West William
aa06b2fb-421e-47b0-9fa3-52f935bec3b4	Pediatrics	West Robert
90daba7d-8dba-41ad-84c1-2db0641b0dd6	Cardiology	Melissamouth
f89d3b77-1b30-42a6-87a7-c006d5621681	General Practice	Calebburgh
4dbd821d-c012-4581-bdd0-239284376782	Pediatrics	North Nicholastown
f4471663-0f96-4636-8944-496270c6c7cc	General Practice	Lowefurt
3e1de3df-02d3-4d99-ba95-aff896df087d	General Practice	Brandonbury
cd83cfa7-a0dd-4c88-8c96-0bc68d031b8c	General Practice	Port Rhonda
f48551cc-eb7c-4c65-8ed5-8cb5793af6ad	Pediatrics	North Madison
de263b00-84c5-4d8f-8bec-038fd45c0013	Pediatrics	West Theresa
c616c269-5e0f-4567-bd04-e20f34442199	General Practice	Rodriguezfort
2d975425-6a97-4d34-979c-a1667fc54770	Orthopedics	East Loganchester
cae4a732-580f-482e-8382-87517214fc90	General Practice	South Jerrychester
90397e7f-8e7c-4e6e-a3f7-0432be4f88ae	Cardiology	South Heidi
54af9a81-5b38-41f7-ae76-962045e50196	Pediatrics	West David
c27fe29d-40d1-455b-ad88-8cdc49c7ba11	Neurology	Hudsonville
7cbd6e81-828b-4dd4-a64b-fc8506e34eac	Pediatrics	Lake Melissaton
8a178a7c-bfa9-40c9-82e7-d8cd3111570a	General Practice	South Rebeccaland
15b29eeb-ed9c-4e68-a81b-ab0963798444	Pediatrics	Andrewsshire
6534248b-65b8-45ec-beb3-5c7f82fbac7c	General Practice	North Deanhaven
ac254e98-8d81-4a38-863f-800251080a85	Neurology	Toddside
42a536d2-bb17-43bf-85b6-17b36091d6d9	Neurology	Greenburgh
bc16c54e-a7ee-44dc-bd27-6ff8cc5b1df3	Neurology	East Edwardberg
26b81acc-2646-46bf-a533-43d54ff80bf9	Cardiology	Phyllisfort
5fb6d367-7489-4bb8-9ed9-9303fc44abf5	Cardiology	Hernandezfurt
b0b37e0b-3193-41dc-b3df-63a51e0fdafd	General Practice	Port Rodney
a4d6567a-6f6a-4390-ae2e-83f20b14fad8	Cardiology	Smithfurt
3cc0480a-bd45-4214-880d-2864b6ff7fed	Orthopedics	New Rebeccamouth
e76a0e74-afe0-4b01-941f-08b3e0eb0262	Neurology	Valeriestad
41920532-b5c9-4b74-87ac-4fbffe65f096	Neurology	Jefffort
1a45d57a-48fc-4f16-899c-f6e319547c48	General Practice	West Victoria
d69ae493-d818-4d47-b869-e12fd51b30e7	Cardiology	Lake Heather
fdf84678-145e-4f2b-b77b-60249bd3038e	Neurology	Port Oliviashire
fafe2faa-f9d9-41dc-a5a0-f78b11d84245	Pediatrics	Lake Ashley
a9f25acf-92b8-45e2-9cef-87bd07d0a591	Cardiology	East Curtis
982573db-d6c1-4239-9437-f8b7060c7b32	Pediatrics	Matthewville
5fbac44b-e1df-470b-af57-eed3f24deb65	Neurology	New Kennethport
74fdef49-ae2e-40e9-93a8-81c85cdd15e8	Neurology	East Alexis
21492f2c-6514-42b2-a715-9497dfbd7885	Pediatrics	Simpsonbury
59e58f89-1584-4f29-8269-c08e366b3d45	Neurology	Nguyenton
0d1c0edf-628e-46cd-8916-b85f348033a1	Cardiology	Hortonton
8f0c826c-1e5b-4033-a43b-88b5b64b6317	Orthopedics	South Douglas
06faa681-d400-4f9c-ac0c-7aedc145b809	Orthopedics	West Brettton
d03faed9-51e9-40c4-a53c-d08988f97655	Orthopedics	Johnsonview
b9a9b079-163e-4fd5-a27f-94babd403b16	Neurology	East Michael
9118ca17-2bea-418e-89d0-e2567c571f6e	General Practice	West Jessicaburgh
46e18f69-f665-484e-b10f-f49d96c904c1	Cardiology	Randallport
1f7ef039-4349-467e-aff9-a137124db144	Cardiology	West James
4fb10e15-59ac-4915-b872-051ba105c887	Neurology	Garciabury
4a4f3154-8bd9-457a-bd31-a8c68563ad03	Cardiology	Danashire
4010ca90-a261-45fc-9847-546939cf0bbe	Neurology	Port Heathershire
90522a08-65f1-4bf1-be03-5e30f3b95b94	Orthopedics	Port Todd
fb4b384d-24c9-41a3-9f5a-c9d9a997d019	Cardiology	Nathanielport
134fee31-a600-4d6a-b029-68f93836ac14	General Practice	Briannaburgh
7fc5240b-def8-47f5-bccc-e626263e8009	Neurology	West Eric
967ecaa1-c777-48ae-93c4-82b12bf6b0b5	Cardiology	Davidport
39e182e5-4304-4ad5-94c1-56351b6a507d	Pediatrics	North Danielton
d938cc35-f5be-4db9-8566-887c4090b156	Pediatrics	Lake Deborah
93065171-2e86-496d-bca3-c3b83c2fc299	General Practice	Anthonychester
c828c7d5-6f2f-4817-ba75-05603f77dd46	General Practice	West Michael
d78ce959-6b62-49c5-8857-968a861e17a0	Pediatrics	Lake Robert
3ffbcaf0-3129-4308-9415-2f0edd36cdd9	Neurology	Port Kathleenborough
f48c2c55-9f92-4337-bded-8fa3cea01194	Cardiology	Lake Jenniferport
af511929-bf31-49b6-8a03-b9d51d0e2534	Pediatrics	Faithhaven
8c0c8fed-00e8-48fa-9d34-18a1adc2953e	General Practice	Scottmouth
e6a00fac-1fec-4214-b9ff-df04de038617	Cardiology	Lake Michaelberg
3650d381-f40e-4f47-b8fa-1758212d0930	Neurology	Sullivanbury
4258e407-a003-4913-8efd-54e32ce8518e	Pediatrics	New Stevenmouth
748f2ab4-f5ea-4ae9-b76d-e032b828e61a	General Practice	Connermouth
c93f0ce1-efca-4bb3-9247-9afe4e7bf90c	Pediatrics	Sarahville
71e9f972-01d4-49a3-b670-31be064bfd1d	Neurology	Wagnerville
61fb5a85-bd29-411b-99c6-cede84c0f8dc	General Practice	South Makaylafort
088279bc-7087-4851-8d98-5ad27c7df9d3	Cardiology	Williamsfort
703e21e4-6914-4453-a0f4-6c8d7ac4ba2b	Pediatrics	Daniellestad
237b5aad-6fff-4496-a1dc-cd913983456c	Cardiology	East Justin
567a8028-53ab-4edd-b405-e126c2d8720c	Orthopedics	North Lori
d0bcd646-b74d-4b6b-b184-22f037963bd9	Neurology	Alyssaton
957e5949-087a-41e7-905c-c1a9fb479efd	Pediatrics	North Tanyaville
794533c0-1a4c-4d3d-b5c7-1cfe778e3ccb	General Practice	West Tammychester
abc0fb85-fc25-46ff-9ecc-b0e2b208d0bb	Neurology	North Jennifer
852c80da-7252-4707-bebd-c71a50c44b8f	Orthopedics	Brianville
0bfe4665-4b75-4bc6-a56f-a05ffff54a8e	General Practice	North Erica
c80dbd72-0466-468e-bd9c-1e74fb571bc7	Neurology	Hayleyside
a05ef245-919b-4c67-a800-7c86f1cf02fc	Neurology	Hallshire
0a045765-64ed-4129-8c8e-c70064a2a682	Pediatrics	Stevemouth
037b6ad1-ba94-46ea-8f80-356c8d79e155	Orthopedics	Port Karenmouth
a070f11c-e334-4395-9434-95aed9818ff7	Pediatrics	Mikeberg
384dfb53-aea0-4763-8110-2336406ba910	Cardiology	Monicafurt
856c2e25-479d-4e45-9898-50e18af0e8fa	General Practice	Westtown
e9710c91-2d4e-4fea-a19d-744be17af2e5	Orthopedics	Port Emily
8b689787-69a4-465e-975f-8bcbedea4dea	Neurology	Scottshire
724f1880-1a20-4afa-b0ce-4eb426b893a6	Neurology	Kylefort
96b2be96-04ab-4c57-ac75-86c0ae9b5650	Cardiology	Lake Lauraton
6227c519-ac05-4484-a3df-d206ad11e3b7	Neurology	East Makaylahaven
f40b4dd7-3355-4261-bee4-9e0e4bf0f0aa	General Practice	Baileyshire
2a5261fa-7c96-4c39-93a8-8848dbaddf9e	Pediatrics	Hallmouth
39049326-0fce-4725-9181-3c0fa02dc379	Orthopedics	West Philip
45c2f503-2044-4c41-bbaa-036cab67a20f	General Practice	Taylorville
c97f1249-60cf-4916-85be-90ff50fb536a	Cardiology	Deanfurt
cf8f2826-4f7e-4aaf-b982-5ffd6fcf20e6	General Practice	New Jennifer
31de572c-c50f-4efe-81e9-e86a03f7f229	Cardiology	Stephaniestad
763e7ea7-2c54-466c-bf2d-4f57201b7db2	General Practice	West John
26d0b1a4-e621-42d7-a186-a26b48e881a6	Neurology	Manntown
a1eed04a-f901-4662-9c00-8b05406a7593	Neurology	East Angela
733f8f91-18ca-4093-8947-203e3d28c87e	Cardiology	Whitemouth
26b6433b-f298-4819-b325-e1761c5693f0	General Practice	South Gina
a76ec54a-f766-42d6-992f-b25a27682acf	General Practice	West Jill
67710123-c868-4e36-94f8-41b607512527	Pediatrics	New Stacey
5a15fdc9-5c4c-4014-9dbd-2c850365d5a9	Pediatrics	South Davidfurt
e53f0458-3395-44cd-8a9b-f6a2a768b4ef	Orthopedics	South Devin
4de705a4-644b-4cc2-a8c1-9f50474d0750	Neurology	Sharpstad
b09f8bb1-fc83-4d0f-829c-c5ee89fed408	Cardiology	Stevenstad
9c3d4e2f-7b0c-4a87-a250-5a1b163cb7af	Neurology	North Jasmine
56551118-539b-4113-9448-c1c1c9cc075d	General Practice	East Dylan
256f2d2c-cc75-4b16-b4e7-7adc4f7ceb85	Neurology	West Keith
2586a614-e012-4f72-97d4-293fc591e279	Pediatrics	West Willie
b8a414d4-662e-4a40-a0c6-cdecbda74ac8	General Practice	New Meredithton
92ed3ef5-ee9f-4449-a33b-a9319af045e0	Neurology	Hobbstown
4a097dc2-dc62-4037-8a20-48a50d4ea001	Orthopedics	Salinaschester
f2f0a70f-18b7-440a-9617-66237c53a490	Pediatrics	North Virginia
22b6eec0-a780-49f4-a86b-74de0b24c768	Pediatrics	Garnerburgh
a15f6652-dc3d-4c2c-88ea-56a3bdb83007	Neurology	South Stacyville
b17da675-2810-48f2-9525-d278dc6d29f0	General Practice	Johnview
0761a45d-af86-4e6a-825c-b00e7d741ff1	General Practice	Port Renee
68f6c1eb-e259-4a4f-b51d-a21fd5578e3e	Pediatrics	Bradleyton
bfbfa41b-030c-420e-b145-fb781124b044	General Practice	Valdezstad
1075c427-6202-499d-aff6-80bee6e56e7b	Orthopedics	Stephenhaven
f8319907-49cb-4cd3-8156-d67988fda89e	Cardiology	New Carmen
4d75716b-3c02-41e2-908f-282e002f1706	General Practice	Riverashire
c6a36c4b-bb36-4526-8c71-57baffe8e47f	Orthopedics	South Pattyport
4f377359-a8c5-49ba-92cc-b59101645bec	General Practice	Jamesburgh
6a918a01-9bf6-43d9-9fab-ffca8281ed2f	Pediatrics	Christinastad
3f916737-1c80-4fc9-8999-eaf4bc0b715f	Orthopedics	Elliottmouth
42020c04-6b08-4a10-bf4e-9ed26bc98b37	Pediatrics	Burkeberg
b32cc551-9c6b-43f7-9ccc-0b2366b8247e	Neurology	Angelaport
4abe09aa-c13b-4c0b-b911-06e2da2fa55c	General Practice	Gallagherview
9d5d2d78-6529-42bb-86d3-19378a810aca	General Practice	Priceburgh
b027777d-b5a5-45dd-8c5c-b1bebf3b78b2	Pediatrics	Nunezton
4b3047f6-e265-4f89-a7dc-04ac3907caf0	General Practice	New Debra
8dab8e89-6875-4eb9-aaf2-4ab4dbb151d1	Cardiology	Brianstad
45942a33-d42c-4500-97eb-e055881bbcae	General Practice	West Erica
66198d0f-1cf7-4b4e-ac56-28b53f1eee99	Orthopedics	Lake Annaville
1c5ab10b-4bc3-428d-b023-b91aa676f01b	Neurology	Bergershire
99301889-bedf-4348-9af4-3550aa0053dd	Pediatrics	Sotoburgh
caf1f6df-b604-432e-94c7-76c3ec5ec429	Orthopedics	Lake Troyland
7a915484-6bff-4cd5-bb49-ac1741fb6c66	Orthopedics	New Mollyshire
5c50fd66-cff5-43e4-abf2-c6dec21da505	Orthopedics	North Justinborough
26d86fa1-126b-412d-b01b-f763c6d034e5	Neurology	Tammyfort
38aab017-388e-4d76-b7b3-66b854f75d28	Pediatrics	West Donna
e553b687-3672-42c6-b0a3-f14494997467	Pediatrics	Nicoleport
6c8bb25a-5399-43f2-8e93-8450115aface	Neurology	Newtonview
41c24d12-ce9f-4691-b16f-fe938f171664	Cardiology	Lestad
9a33fa18-d1d1-48d0-a800-942d73fc3ec1	Orthopedics	Robertbury
d2078555-826d-4e1b-bb03-9a2048799b36	Pediatrics	East Craigside
e4d9c5c1-15a4-41b2-b604-f88edcc258ac	Neurology	Michaelstad
66ff575e-fd5c-4d7b-a514-3086d9b00e7e	Neurology	Lake Jasonland
ae697faa-40cf-44e4-b1af-673146790d96	Orthopedics	New Randall
b6353318-91a4-4ac6-bd62-7bf7802be39b	Neurology	Laraside
7b6a1da3-9c3e-4e8b-ac59-17ceece820af	General Practice	Noahtown
8688e6ac-b792-435c-aad9-c35c2e84209c	Orthopedics	East Randy
3ed4f83f-ae5c-479f-ad81-60c0bf0c597c	Pediatrics	East Jason
0e5ca45e-bdd2-4513-aced-abb3533c9ab0	Orthopedics	East Brianmouth
335282a7-d611-4877-bbd5-50d518cdb32b	Cardiology	Bushberg
04899c29-fce3-4943-83ea-9523511161ad	Orthopedics	New Alvinstad
aadd710c-a49f-4ba7-adba-a09f41b0db64	Orthopedics	Foxside
cae74c81-5e3b-4f8f-b9fe-a7ee99d9956f	Cardiology	Nicholasshire
aa9d9024-9c2a-4fa2-afa4-8efa39f53017	Orthopedics	West Heathermouth
51466225-9b21-4afc-ae84-19f9300fdb63	Neurology	Lake Maryberg
37a60117-4d32-4b96-8507-7d3819d9e4a7	Pediatrics	Lauraborough
99c857a2-8927-4a11-9034-92f1f240d9b8	Pediatrics	Pattyshire
fd350b27-0dd8-48ae-a1ac-0f0becfccc72	General Practice	Joneschester
a57718ca-bb37-4672-8d5c-a82b49e1a68b	Pediatrics	West Tracy
a1eb64b5-0b26-49a2-bc27-060d0814a984	Pediatrics	East Johnbury
53854839-12be-4327-86b0-e536a70a1d25	Cardiology	Peggyport
3d7e8fa5-1168-475e-9487-8cc16650ec65	Orthopedics	Robertville
b72b5da4-0ee0-439b-bbe4-8717f18dab67	Orthopedics	West Destinybury
8de4c9af-4bd6-4fce-94f6-4aff8989d842	Neurology	Karenburgh
5a3687d6-b92f-4292-a352-2fb46ada97d4	Orthopedics	New Susanhaven
505df276-2ab6-414d-959e-c45eb5c5ddf0	Cardiology	Lake Vicki
0a4f714d-4c61-4803-98c8-3ad3d99dad13	Neurology	Janicehaven
5d38ca53-56ed-47b2-b209-fb8d37a2af22	Neurology	Lindaburgh
4989ff21-9af9-48f2-9e36-3f88a6247df8	General Practice	Smithborough
48d92d14-f088-4cf8-b06b-d2726dec842e	Orthopedics	Donaldburgh
2e0e080e-51de-4e19-ba24-cd3f05a30ed8	Cardiology	Lake Jamesville
64e15d3b-e075-4d41-b990-e9b0dbe6030f	Pediatrics	West Jenniferview
c4da27b4-8579-4c43-9800-a72831d1d71a	Cardiology	Port Christopher
5f4986f7-c946-4bce-8ed5-3bc39929f4e7	Cardiology	Mckenzieside
c03be6f5-2a40-4a97-a5d3-871fd748cb63	Cardiology	Petersenburgh
76ab4c2e-bd36-42eb-986e-93210467f60d	Neurology	New Karen
ba10d433-b573-4845-a291-7a51428442cb	General Practice	New Daniel
5717cc44-3298-41f2-9745-6ca554e06dfa	Neurology	East Carol
1e4c023f-ecc5-498b-b084-ce0171118209	Cardiology	Lake Danny
96154c09-c3f2-4b6b-887b-4ce517d45319	Pediatrics	West Joe
572868ca-dcc9-4cef-ae4b-001be7671b4b	Neurology	West George
1b409a87-6d51-4b56-95cf-b0b5c527cc80	Cardiology	Audreytown
a0448565-f743-4d5b-953a-7a335c420a08	Pediatrics	Lake James
808d1889-7a13-41ab-b856-c94f5900ca8c	Orthopedics	Patrickland
049a3054-7a53-4cd5-871f-4617983a57bc	Orthopedics	South Lisa
29424123-1a99-4c70-a4e0-e50562aebf35	Cardiology	Lake Ronald
1076b3aa-2e92-4552-a462-86bac6fe99ce	General Practice	Clarkmouth
0ea1406b-4692-44a8-98a9-f6314def2a8d	General Practice	Lake Hannah
f8cbae53-575b-42dd-8066-460c24c8e718	Cardiology	Lake Cory
d6e1fa58-54ef-4433-8317-fc8de001732a	General Practice	Jasonborough
e98c2b98-6426-4108-af48-819d7a0c3785	General Practice	Jonesshire
f2275338-c5b9-408c-a16d-8a9aab6e60b4	General Practice	Randallbury
9c4870bc-44fb-4a69-9073-cd8f04ec1463	Neurology	Lake Matthewfort
5fda0653-0054-478c-9461-25f0448b8c3b	Pediatrics	Port Davidfurt
32f40c6b-f625-46ff-9cf7-6d6649a1b40d	Cardiology	Singhchester
1bcc84c8-871d-4f63-8dcd-064dceb642eb	Orthopedics	West Kathrynside
e9b59606-7dc1-4b5c-bf06-acd9be601f0c	General Practice	Salinashaven
9a93041c-b40c-48e3-be69-31ffb7d54d96	Cardiology	New Stacymouth
3c63c0d0-c019-46ee-b256-cd7e325947f0	Neurology	New Steven
065511a4-7808-43ed-a04e-9f7ceb7dc3de	Neurology	Brownbury
baf26f64-9293-4169-854a-95271130bf8d	General Practice	Port Michael
19182517-ae8d-46a7-b2f1-7f3c0eb5bd4a	Pediatrics	New Vanessastad
dcc5fb96-382b-425c-bdbb-b74dba4cd2f5	Orthopedics	New Matthew
9d1009b1-a808-4fd1-a7ae-3b9df6a8d686	Pediatrics	East Tylerchester
7d698d3b-f847-4fd5-b32d-32ab44d9c753	Orthopedics	Perezhaven
ef00776a-dd57-45a7-b2e7-6877b2074865	Orthopedics	Perkinsmouth
951b1e08-9948-4956-80e5-9277f16bd290	Cardiology	Lake Jennifer
967c739c-17d4-4709-9f0a-48901243ffbf	Orthopedics	West Kelly
5d848d4c-178c-445a-ad87-e79f3ba90966	Orthopedics	Davismouth
4431fa75-ae7f-4aa4-af9d-73c4da40fa32	Neurology	Lutzside
c7b253cd-2b32-4b0e-9c68-eeb21650b360	Pediatrics	Ashleyton
9db5c13c-90ec-4c44-a3b7-9699aa20ae64	Pediatrics	East Debbieville
adb631c2-88ca-481b-bc77-27a7c9486595	Neurology	Deborahton
ac081cf0-b493-4b39-833d-44b57c4e877e	General Practice	Myersstad
21de7ee2-ecab-47b4-884a-02a2f2947652	Cardiology	North Amyville
7b22c384-8d91-4a3d-80d0-feb326bfc309	Pediatrics	West Donaldstad
75cf185b-1089-4b91-817c-54f69f712880	General Practice	Lake Lisashire
d058cc3a-0efc-4a9e-ac4c-1e266f17e42c	Neurology	South Jeremyshire
e4cbb828-769e-4a06-ab52-310b32ee4288	Cardiology	South Jay
901cd278-75ca-4121-9d52-f02b299f4dc8	Neurology	Davidtown
7d95ca93-0d84-423c-9ed8-e278c49d49ba	General Practice	North Anthonyborough
b4e78fe4-8cba-40fd-b9d5-43b20bc701df	Pediatrics	New Peterstad
7c071363-2b98-497d-b2cb-e6294bc4f420	Pediatrics	South Gabrielport
6b1c7e74-31d5-4b23-8abe-a8bdb3163c77	Orthopedics	Leonardbury
9ed47084-c823-49d8-b69e-0aaa9e1d650a	Neurology	Lake Paulchester
d8e837e8-c3b9-4655-8598-7c683b33b7c9	Orthopedics	New Thomas
4f202b2d-d608-4309-bbf7-fa67b2952547	Neurology	Carolview
da32c2bf-38ba-4b18-a7d6-93121f1c7be9	Pediatrics	North Gregoryton
5ec1809c-5508-40cf-b044-8caa1ff61f26	Neurology	Port Joycebury
05fe4fd7-b7d0-47f6-a75a-c82ec75ae06f	Neurology	Kleinshire
9b43acc2-1cc0-49fc-becb-bdc1ea117fcb	Cardiology	East Amandaton
a20cb60a-b9c2-42b4-adec-742dcbe6be31	General Practice	Thomasshire
2ad54797-fba5-4002-8d92-4d970f24dcac	Cardiology	South Kaylaview
7909fecd-0891-477d-9be6-203b5e91af5f	Cardiology	Saunderstown
03b35dda-bfe4-40b1-8c59-01b2ae44a72f	Orthopedics	Mitchelltown
f29d47bb-8d64-42a1-8227-41cd01b951e0	Neurology	Martinezmouth
3a7d9def-4780-42a4-8f5c-0b8b4d0aac81	General Practice	Fergusonshire
9ede5384-2f90-4bce-b1e3-30b60aebf161	Pediatrics	Ashleyberg
84bd4047-e8b2-4a4c-a38f-246faf41d8c7	Neurology	New Gary
7cfbe750-d4bd-4f28-b951-293499a1fce2	Neurology	East Jon
a6457bc0-a680-4ff3-8f82-4fae9a70a685	Cardiology	Sarahbury
11418e4d-c77f-406f-b1a5-dffa6ac3ace1	General Practice	New Davidside
128060bb-08b1-40b4-8588-ab0cbb949756	Orthopedics	North Joelfort
0fd83893-59c0-4de3-830d-09e247a06642	Pediatrics	Mannville
a3a9ea0e-0926-481e-8329-5a73978d8dff	Pediatrics	North Ivan
0113eca3-728d-44ca-8434-2e690dd0cdad	Cardiology	West Lindsey
12ad0337-f42f-47fa-8ba2-d2380c248803	Pediatrics	Amberborough
925be882-3efe-426b-8244-76c953323e74	Neurology	Wendyhaven
6f457a43-6793-469e-a398-669bc13ff4d8	Neurology	Gibsonhaven
b9d0e89d-5761-407e-a834-52540bcfd861	Cardiology	Port Stevenview
9db8e2fa-260d-4999-b243-8c1f4d3d01e3	Orthopedics	Bradtown
d6a2b27d-945a-442f-ad7a-aa6b015b9f78	Neurology	New Laurieborough
623176d0-c784-4891-b772-1a25fe39e9b2	Orthopedics	Hallside
76c73b29-fd7c-4853-ab70-781869d1fe95	Orthopedics	Jenniferside
f66f27ed-c596-40df-a933-9a32d198c5ae	Pediatrics	North Paul
0b4d7d8c-b0f0-4a2d-b2b6-996764900d01	Neurology	Austinchester
b1f8ff12-13c9-428c-bb58-2c8344a125a7	Pediatrics	New Andrea
27c7ee91-7f98-41c5-8d74-5f1cfe1fa409	Cardiology	Kathleenburgh
cb27343f-af64-4272-a459-f22924f6a111	Neurology	New Michael
665a435d-ad27-4299-bbd4-6b868bda4032	Cardiology	North Jenniferstad
090d0446-892d-4019-a2b4-5309ebf68db4	Pediatrics	New Loritown
19220b27-d5e0-45f0-bf97-9c768a3638bb	Pediatrics	Patelburgh
d7e1f1a2-713e-41fc-ba5a-b9fe689263f0	Pediatrics	Lake Cynthiaton
e28db478-2c7e-4f6e-8e85-f1af9de4d61c	Neurology	Robertview
def5a784-fecf-4abb-8f88-344ff65c9980	Pediatrics	North Madison
62cbfd46-1058-43ae-a366-b8d2c0a6b646	Cardiology	New Becky
7796db2d-111f-49f5-976c-dee51a28e7ec	Orthopedics	Robertfort
12142e66-7599-4265-bd9d-2ec0d95fa91a	Neurology	Sanchezstad
8552adf2-38f5-4096-9373-fc85f13539ed	General Practice	Richardborough
7c324a71-1b67-45a2-b6f9-5f10c3e9f068	Cardiology	Hallborough
a88d5f5b-83f7-4103-97d4-a4f8bdb8fc4b	Neurology	North Michael
2858ec32-34ae-426c-a178-1b312d9e8491	Pediatrics	New Terry
69f475bb-4f1e-4df3-915f-b572d28969f6	General Practice	Monicachester
749b9081-2366-4df2-8e24-8876afed920a	General Practice	Lake John
f264e8c4-b111-457a-9e29-1070c2b404c1	Neurology	Laurastad
8ee528fd-c6ea-4540-8273-7640e2d8e3a0	Pediatrics	West Allen
c4ff234a-e6a6-4094-a2a5-055a774dc26c	Cardiology	East Ryan
d91da942-cd4d-46e8-baaf-c989a2b8c768	Cardiology	Berrystad
3251b3b9-712b-4255-b38c-8852be2edf9f	Orthopedics	East Dean
9516c349-196d-43a7-8285-b7cbfe40698a	Pediatrics	West Crystal
870a8d57-f707-4c81-b130-fa40da0710ce	Orthopedics	Port Ricardoburgh
5571a7ce-cc18-422a-b8a2-8739eeb19b85	Cardiology	Ramirezmouth
e00ad6b4-5560-4ff2-a6aa-ec430de6a33a	Pediatrics	New Russell
f06e651a-7332-494b-86d1-bab3b34cb617	Orthopedics	Wilsonfort
0099c0f7-bc36-413a-9ea8-952cf84dd524	Neurology	North Heather
a65db1c0-cf59-4ab4-b764-ad2aa6b11f1e	Neurology	Martinezmouth
71c16b20-e4da-4cf5-b140-a5ed3c9e7b20	General Practice	Lake Angela
a58d1fa7-b453-4df7-a036-351fe94c5559	Cardiology	West Edward
a1ed8816-b6c1-4b60-aa4a-b88ac4de4b0a	Cardiology	Maryton
07edcfe8-4183-44fb-9453-87b393991484	Orthopedics	Lisafort
3c27d7b4-a620-4fcc-95d6-fa7ed248aea2	Orthopedics	Livingstonchester
c96a6e7d-d359-4bbe-a4b1-f7c79a8821e5	General Practice	Drakeview
e1be09a9-affa-43cb-aab3-d0797652362f	Orthopedics	West Mary
f0c81d79-1401-4b85-9259-2158e01f43e8	General Practice	Lake Edward
726d265a-93ed-46f9-ad3a-4c7f79dccbdd	Pediatrics	Robertland
cdb76573-c823-482a-b3f6-8e8655b457b7	Neurology	South Joannburgh
f0293b94-1efa-4773-bd36-d743e8d7026c	Pediatrics	North Cynthia
f5ca46e3-8176-41b7-a00e-00fd5876845d	Pediatrics	New Meghanville
88aa159d-fa84-4b8c-855f-b5b8ebda700d	Orthopedics	Joshuachester
a721fbea-fb3f-4985-97ac-0591381e980d	Neurology	Mannfort
06d6e123-3a72-4aba-aede-b3fa18daf1c9	Orthopedics	Port Jessemouth
7385aae6-e188-477a-a1b2-37f94fa43e75	General Practice	Brendaland
dbd78b60-b52e-43ab-a5ea-ea4f39857039	Neurology	South Leeborough
b5db7d31-778f-413a-a81b-56f3d4401010	Neurology	Clarkemouth
89e2ad2a-09ea-4883-974b-79bc922a9296	Orthopedics	Lake Daryl
827718bb-1185-4b43-917a-7c547a60c7f5	Cardiology	Poncefurt
e748dbb3-5fee-4f57-a6f4-fbe69ed28c08	Pediatrics	West Derekfurt
32832e42-79a8-4ae3-817d-c44c478f559d	Neurology	Solomonchester
33815d69-3c4f-4bda-b6d5-e0cc370b847f	Orthopedics	Angelchester
4e6644c8-55aa-43fe-8113-25603d43cba9	Pediatrics	Danielshaven
77f7dc54-276e-4c30-8174-9102b83641e5	Pediatrics	North Sherristad
cc1fc8ff-f443-4c99-a7e9-40ad7c3e1d0d	General Practice	Anaport
56fe2bd6-3585-4ed6-9b4a-fda69e261174	Orthopedics	West Loganland
a63ca1f1-4f22-4211-8fa4-9132ac865ac4	Cardiology	Cobbborough
a661417d-e206-47a3-8f7b-a92bd6fd6940	Cardiology	West Jeffery
cabe53d8-4121-4119-8d0d-179da45ed2e3	General Practice	Port Paula
105540ad-06be-4108-a057-8748cd57d5a2	General Practice	Mikaylaborough
d7d9a542-dd6e-4da3-9937-71d47465d24d	Orthopedics	West Kristen
89f37bf1-d166-4881-84c0-996995a956c7	Cardiology	North Kendra
1163eb0c-bdcb-4e8a-8384-d246ba541bd5	Pediatrics	New Annaview
09318b12-1dfd-4280-95f8-8e6a9b337a3b	Orthopedics	Johnchester
fad0fd28-33f3-47b5-9526-4db1097cec67	Neurology	Annstad
eabe6f65-9501-4cdb-a899-219aac208d33	Orthopedics	Josephville
2fd65789-6b2d-47cd-a271-2c6a45969555	Cardiology	South Markmouth
076bebd9-c5ba-4dec-a6ce-409692153060	Pediatrics	Port Caleb
b48e0669-1a7c-4d28-a552-9e5be7f40e90	General Practice	North Dennisfort
f3be88b1-dd9c-429c-b05b-1bda1e39a432	Pediatrics	Moniqueland
9d0d1c82-1abd-4116-a56f-2242318e46cd	General Practice	Debraside
590cab01-0ecd-4e56-b692-0c64ac5018ef	Neurology	Andrewmouth
d957fcbc-3469-430e-865a-a6ad6a722202	Orthopedics	Port Brittany
d7ad6a44-5d5a-4d4c-ac3f-27e774a08c6b	Cardiology	South Jimmy
1fcaed51-d30f-4c15-8141-263d5065e0b7	Neurology	Evansmouth
f4c83b25-662d-471d-abcf-28c59506d7a7	Orthopedics	Villanuevaport
940b34a2-3371-4760-b242-1b4e4910f60d	General Practice	Jamesport
69e5f81b-320a-4851-a763-21be13d5a2c7	Cardiology	Carpentermouth
c60fd250-1070-4ef7-b93d-b85b4b4735dd	Cardiology	New Martin
219155c6-7d07-4284-9526-881bfb026c2e	General Practice	South Cherylshire
f41ed7a2-ed4a-4965-bb60-3a50560e78ec	Pediatrics	East Kellyhaven
2b65f5fc-717c-4577-82c6-6c5182b8fb41	Pediatrics	New Thomas
ed2a209e-bf36-45ae-9a82-c25d00e22fb5	Pediatrics	East Johnshire
4f501be5-16ef-4883-9a8b-0245126dbd3d	Cardiology	East Eric
29ef81f8-0769-4d3b-a42d-e7d710602089	Orthopedics	Frostside
c4097137-bf3c-44ca-91ff-c7e65e10656f	Orthopedics	East David
735a0c49-9ee1-41c9-b02a-924f3ee78780	Orthopedics	Andreaberg
3c1b4d67-4350-4660-a806-f9a781800338	Neurology	Jacksonshire
3a43beb8-0f00-4914-9689-8ebfa4ec984e	Neurology	Phillipsport
b0a37fa6-4b47-48ff-ab3a-5a15c5130a4d	Pediatrics	New Kevin
dc6dbbb9-5315-42a9-9a0b-edfe5ef7d4df	Pediatrics	Fisherview
72a99ddd-f427-4379-ba44-54dbf15e7ab5	Orthopedics	Mannmouth
38694ace-d665-4084-a75b-23260db379cd	Pediatrics	East Davidstad
ad5e97de-e6cf-4d13-b1e3-af8fc77378b6	Orthopedics	East Garyfurt
42b96f3e-adf7-4c61-8058-bc468d0e7624	General Practice	Port Jennifer
7475adb5-7e17-476e-8f65-97a442d19743	Orthopedics	West Rebecca
28016473-1a43-491b-877b-6eaa298eb956	Neurology	Johnsonbury
88d92144-2dee-4247-96e5-9a6e9762d85a	Orthopedics	Jerryberg
b91360a7-1c94-44ca-8454-ee460989bcfa	Pediatrics	New Jeffreyside
3154e850-81fc-46b1-89d7-ee99c1b4476d	Orthopedics	South Crystalhaven
d4f97f11-90d9-4401-b380-220d458650ec	Pediatrics	Greenshire
807db798-4bb4-4b79-86cd-d849da9de5e3	Orthopedics	Jacobside
bc05d873-7aef-4c5d-9d66-df9015f8daf0	Cardiology	Susanberg
761ff5a0-d157-4562-a23d-a5b467102f48	Neurology	North Stacy
ea80f161-fc08-4e85-b08d-f323b8d9e9bf	Neurology	Port Haydenton
858fcbc1-16a6-44e1-bc12-eea4dbfe7b1b	Orthopedics	Johnsonland
57fd660e-a93e-43ef-8209-2c5048384e35	General Practice	Traceyview
b3fe3eda-d972-40e8-945a-6d03de712870	Pediatrics	Edwardsland
b0768e9e-21bf-401a-8194-b8f1195957fe	Orthopedics	Andrefurt
cca0f2ff-8da0-4820-805c-fbabc1baccd7	Neurology	New Heidiland
9e7c8af7-5496-46ad-82f8-69e36497bf09	General Practice	Woodmouth
052d9789-71b0-464a-9403-a49428bb26ed	Pediatrics	New Richardhaven
632484de-4e19-4fdf-90ce-5c83c88047e9	Cardiology	Dannychester
01619074-d3f9-47c3-bb90-f4f263359e4e	Cardiology	East Laurenshire
11e12d22-1fd4-45ff-96c0-1a7e5848c264	Pediatrics	Erinborough
a5d9bd7c-7e46-413b-92a4-d3a8e914f9c6	Orthopedics	East Elizabeth
15431494-b642-4c3e-9f7d-1ee1c76ce95c	Neurology	New Kelseyville
259790df-eec7-4a41-9fa1-66804271072a	Pediatrics	Jessicamouth
edb2626b-6f0f-41f8-94fa-3e46a98ca445	Orthopedics	Thomasfurt
d6867408-ba73-43fa-b9b3-b733bfa1ee28	Pediatrics	North Lindsay
851d7d1e-ef58-43ef-b354-2c03b161706f	Pediatrics	Sullivanhaven
58c0419b-7486-4545-8d63-451c9c95be50	General Practice	Michaelview
4ca1371e-d444-4e42-9021-1ef11fb78891	Neurology	New Adrianville
6437b02a-07b8-4a4a-a2b2-6c420330abb5	Cardiology	Jessicahaven
44c4da2d-0763-4fb2-a51a-32592ecec8d8	Cardiology	Debbiestad
707b5d7c-78a2-4519-b600-65b2646d70d9	General Practice	East Nicolefurt
37935fe7-bedc-4879-a724-0329ef7368a3	Cardiology	West Jessicafort
04fec311-bdd3-436a-8710-a5fb8b9e902a	Cardiology	Morantown
18ac389b-f0c6-4b6e-8e6f-e3ffb0b31910	Neurology	East Valerie
66562bfb-8318-4ba6-909d-791c0dc341b2	Orthopedics	Bellchester
efdcd9ab-293e-4fad-b2b7-c49c189650e6	Pediatrics	Brownbury
d297d3b7-68fa-4e8c-8b20-80e2b4e9e5a7	Neurology	East Tiffanystad
61fa42a1-4315-4755-a1de-fd4409c42ba6	General Practice	Emilyside
08f7b801-589a-41d4-8b91-06fc1a579119	General Practice	Kylemouth
a697d4c1-d523-4aed-8eb4-f3827de1febc	Cardiology	West Ronald
77343747-9c8a-4400-8781-4ba9e39cbfdd	Cardiology	Janicechester
2dcbfa56-e73a-42b5-bfbf-02bfb9b3f990	Neurology	Lake Cathymouth
cc2a2520-8258-4287-8dab-716d35148e8b	General Practice	Leshire
deee7c7a-57eb-4f68-9b51-733f5ef965a7	General Practice	Davidside
b7b07b22-3304-4a7d-86a5-816afb0708d2	Pediatrics	East Garrettstad
4d73f29d-6b50-47e2-8cf4-cadd230da12d	Neurology	South Michael
ae3fdf78-c574-495a-ba8a-2246ba1d61a5	Pediatrics	Garyborough
c691bdda-0e61-4216-bab2-2ca0166b12d3	Neurology	East Heidi
59764629-d410-48a0-9ea5-99338f17e9d5	Orthopedics	Margaretport
79037f79-41d6-48ee-a33c-320ff28054fd	General Practice	Justinmouth
b0342e58-39bf-4dc0-813e-96ea6d43396c	Cardiology	Seanchester
bbb50a04-f839-4e8a-8238-5c0318939c9a	General Practice	Smithtown
58e84c58-10a3-4cc3-ae9d-c3bfffc8d6f0	Orthopedics	Port Gabrielland
47831e5e-4fc6-4cfb-b1ee-f95819585c70	Neurology	Lake William
713dd332-a827-4c5e-8507-70d1c5243f77	Orthopedics	Lake Matthewville
6727aab0-bc8a-4501-816e-502795e39b55	General Practice	Chanville
1abebe21-5b21-4e3f-86bc-d34202da3e13	Pediatrics	Barbarachester
9ad5482d-81a2-478c-900f-6b272efc9fa0	Neurology	Port Shannonmouth
1fac0c72-8ff1-4d34-a6f3-ef237e07ad4a	Pediatrics	Johnville
70b03933-90a7-487d-bbb2-50988bf97205	Orthopedics	West Kimberly
0b60d99f-f049-470e-a0ba-e0376fedc8c2	Cardiology	Port Josephburgh
48560e8e-3b98-441a-a752-e0cb99f829bb	Neurology	Jonathanland
49d1c152-5208-451f-a401-0522555c66ac	General Practice	Lake Jaredfurt
92bbd0c4-aba2-40ca-a199-991abe6b8819	Pediatrics	Marcusside
1a5be5c8-0505-4138-b91d-b108241f851c	Orthopedics	Molinahaven
e937b42e-d055-4345-b2bf-eddc4c32333e	Neurology	Silvabury
3025401f-709b-4403-9cf6-39eac69f305a	Cardiology	Garzaton
ea6b116a-5710-4882-932d-4bfb2d29026d	Neurology	Jessefurt
8e4493c3-eabb-4d03-9a4e-c8febeec51ff	Cardiology	Matthewhaven
60346096-b416-40da-a072-1974bd111794	Orthopedics	Anthonyport
ae39bc98-bdaa-4bc4-97ee-67d72f55835e	Pediatrics	East Pamela
15aa9cdf-ed57-427a-9c16-2b0c05f31bd3	Neurology	Port Cynthiaport
dd03df4a-e591-4e96-9d9e-537adb785aa6	Neurology	Laurabury
9eea87e8-7a26-4afc-88df-c56cb61e34c4	Pediatrics	Kristinahaven
cb2d8e33-c776-4b76-b107-65674d1d7231	Neurology	West Michaelton
7084e6b4-a3eb-478d-a575-04031c75bd7c	Neurology	North Chase
5aec5580-efef-418b-9a73-13c5c7dea7eb	General Practice	Tylerview
2637d23c-90c8-4a62-8d3d-17b0de6e2dec	Neurology	East Ashley
54622aa5-a454-47bf-ba1a-0b7e9f8a0ce8	General Practice	North Mary
677d35e6-5ae6-4ba1-9c76-8010073dfec9	Neurology	Vasquezside
4db6d4ce-d258-49eb-abfb-e11b835114dc	Pediatrics	East Cherylstad
75cb3c4f-da3b-49e5-9416-e3371114360b	Orthopedics	North Oliviaport
187e65ae-de99-4860-872a-4b3c9f96712b	Neurology	Aprilchester
ccfacbec-8af2-4711-8c1d-5c9dc649cce3	Pediatrics	North Jaime
05c78715-a83c-487a-9657-be665f80671f	Orthopedics	Justinbury
fdcd9cf9-02db-4458-8ab5-789f7b5d62f1	General Practice	South Elizabethbury
8b4fe23a-fb0e-4f04-8726-7f3f79df27dc	Pediatrics	Jeffreymouth
c3ad2e86-5251-4c7f-b9f2-e64ef48c2c1b	Cardiology	Atkinsonfurt
782dce56-7bc3-48db-aa10-1f918ab695c7	Orthopedics	Ferrellside
8daad8dc-f330-4240-bb0d-deec6b792711	Orthopedics	Thomasburgh
d23f0148-3acf-4ae2-90f4-bc0a76c0c44a	Cardiology	Lake Tiffany
8de9b0ae-9b3e-4b8a-bb56-504d34dfd74c	Orthopedics	Jessicashire
7f6557f5-6f1b-40ec-a052-0a9eaca9635e	Orthopedics	North Taylorside
f1ce54bc-2f90-4a76-97df-97c8df57a025	Cardiology	North Danachester
03d53053-86e9-4f32-8634-ac3fb64012af	Pediatrics	Port Jamesbury
6a26a250-5516-4de3-853c-e909670c2f27	Neurology	Crystalview
4ef7a5f9-5926-4707-b3e6-6f4f4eedd6f7	Orthopedics	West Jaimeville
731dc96e-3c08-45ed-a90e-8a2a87dc90d9	Pediatrics	Lake Savannahchester
eb3d79a5-d4d7-4931-8713-3e770331bf0d	Pediatrics	Jasonburgh
41931f58-3a24-462c-933c-3e066eac0c51	Cardiology	West Conniechester
b20b96f8-6918-4281-a988-849f0aaee78e	Pediatrics	South Vickie
08169256-72e3-43fe-936f-82120955bb69	Cardiology	North Elizabethville
a6f22d1b-f5cb-4aa8-8094-8b8c1805c11f	Pediatrics	West April
5544f16e-2dd7-4e13-902b-872859101e1d	Neurology	West Russell
13fabd20-5e37-4e38-a71e-3693a8f9881d	General Practice	East Angelamouth
c5c32748-1152-4baa-b465-fe7889440308	Pediatrics	Turnertown
41fcb58a-386f-44a8-93cb-2319f56c2341	Pediatrics	West James
5e23d338-a218-4330-a341-c41a2a13fa52	Pediatrics	Reynoldsmouth
14442cac-c0aa-47ea-b06a-ada2e146fb6b	Cardiology	Port Justin
4439a6bf-c110-4fb5-9084-3692e6f2dd21	Orthopedics	Victoriaville
fc3e8e8e-b00f-4acd-830d-f7d6e6f09172	Cardiology	Longtown
c27ed265-8013-43c1-8bd3-86a784dd866e	Neurology	New Williamchester
bb703b0c-9dd7-4c88-9c92-f26ac9b53da4	Cardiology	South Alexandra
1145dfba-9409-4264-87ce-ca076cb42252	Orthopedics	Meganstad
87d092be-2d21-480d-965a-c50e02c87af9	Neurology	West Isaac
92477254-9825-4c6c-a2ef-c3bee6dfcb0a	Orthopedics	Johnstonton
581fa48c-32c2-4b92-b100-c40f5fa84924	Orthopedics	East Charlesberg
6bf9a684-e98e-4dd2-ba64-f929b724987d	General Practice	Jamesfort
c9639410-4c5d-42be-8af6-72194560087d	Neurology	Scottmouth
f782a191-21dc-4363-ac33-6330ec6d559f	General Practice	Ashleyburgh
341a33b7-4abd-4899-a924-d9f8da92e87f	General Practice	New Lorraine
add7fbd1-75a2-4b6c-8483-556c7732550f	Orthopedics	Nelsonberg
562a8b9e-df7d-443a-81e7-200c7076684b	General Practice	Catherinehaven
d1d05ba1-df23-4974-97d2-092d7a6548dd	Cardiology	Spencefurt
71641901-ba03-4116-950c-e273e4f66687	General Practice	Lake Patricia
9ce2b57c-8421-4594-a35f-97d7737be2cf	General Practice	Stonestad
083ac49d-4714-4672-be67-97028209c934	Orthopedics	Port Kevin
91d8adeb-f645-49b9-84d8-67d2ecabeefd	Pediatrics	Patriciaton
5c9b19a8-e76a-40e7-9450-4afa3f6da349	Cardiology	North Leslie
78886ef6-9e11-4fe2-98d0-51dd30c6426b	Orthopedics	Johnsonchester
503979af-a5d8-468b-a88c-786b9f4b126f	Pediatrics	Hortonshire
d3a61efc-4b16-46d4-a634-e4bac6b9440d	Cardiology	Cunninghamberg
c0874abb-06f7-4040-989e-96e292138473	Neurology	Lake James
74d1ea6b-e9d5-447a-b0e4-744366a203ac	Cardiology	East Marcus
aff9d323-5405-4dee-b0b3-fbf1ec98a9ad	Neurology	Ashleyberg
b6e04704-065d-43bb-811c-8f06ada3b4e6	Cardiology	Geraldfurt
8866813c-0d4c-49a1-b5a7-92ba46cbc76d	Pediatrics	Lake Sarastad
fb05065f-4b9c-40dd-8958-f2bcf52f90c1	Neurology	Simsberg
7c2b4e0b-b8d6-43f0-81e2-81ba7a645d18	General Practice	Lake Amandafort
8cb61be2-1ead-4133-80db-3245589182d8	Cardiology	North Adambury
414c2fdb-3950-40d7-a65d-3ed1f8f7aec7	Neurology	Lake Michele
aecdb6eb-89cc-4d4c-884c-bcbd84d78082	Orthopedics	West Ashleyfurt
d50d5a6e-becb-4fa3-854f-5129c1eba971	Cardiology	Calvinland
297e7b7d-8265-489a-b857-ba23a1fa11b6	Cardiology	Delgadofort
b23558a6-8b8c-419f-a8a8-205d6c5e6896	Pediatrics	Wolfeborough
c5012d3a-8e18-46da-a545-114a1301dbbb	Pediatrics	Wilsonberg
869ac549-8334-4368-98a5-846717f9ad14	Pediatrics	South Anthony
57138a13-d6e0-48b9-ad83-e049c95af403	Neurology	New John
4fea7e74-f1f3-4391-ae93-18bb7c0bb480	General Practice	New Aprilfurt
134c6ee7-8573-4c2d-af9c-50a76129a20e	Cardiology	New Williamton
485c4150-34e9-48fb-9fd0-12f141beaefd	Neurology	Garychester
42433d85-1726-4ef7-bb5a-92688711c181	Cardiology	Lake Brentchester
7b19bbd3-c390-400f-9b1c-08109744f032	General Practice	Port Markmouth
cab77fb6-4eee-4295-8829-c48a37622a5f	Pediatrics	Jeanettemouth
00e839c1-2c38-40a3-8cd7-db8ac1ade170	Neurology	Clayview
591e4acf-a14f-40f1-9c2e-70c83611501f	General Practice	East Monique
894b26e4-33b9-4386-aa7a-93c74abbef19	Orthopedics	Millerport
43b162d8-374d-4c50-9cc3-b8f209a2762f	Orthopedics	South Patricia
86df1de5-cca9-4b09-9d93-69bc3c5a23f4	Cardiology	Reedview
82d2536d-0f16-4d9a-83c8-a71f7c475a98	Neurology	Port Brittney
ae83e805-44c7-464c-a370-7f5d35d49468	Neurology	Davisside
dd3baeb5-475a-4196-921e-68e9b462e133	Cardiology	North Ryanport
354cc847-5a2b-4ff8-94af-331f9edaa9e3	Cardiology	Stacyville
3c3510d4-ac8a-49ee-90f1-467cc2e26b77	General Practice	New Alexaberg
b0ad99dc-f9c7-4712-b74e-0b3e1d2171df	General Practice	Kevinbury
09396c68-7681-44f4-88e7-34fa6689c2d3	Pediatrics	North Robertmouth
12a2aebb-ca34-48ed-aacb-a5e71a9ae98c	Cardiology	Port Pamela
fd49bbb4-9c6b-466a-881a-4818177f4023	Pediatrics	Delgadotown
f631f291-0c10-41ac-b80f-a39cfae66ee9	Neurology	Port Amanda
fe60a1b2-d01c-451f-91af-beeca647ad95	Orthopedics	North Emilymouth
fe2a9fd7-d948-4892-866c-2e102e701dff	Orthopedics	Sharpbury
1bf7a7a8-b9cc-438d-9f75-c8154db66752	Pediatrics	Lake Jasonchester
98d0125e-f716-45a8-9529-76f564ec92bd	Cardiology	Lake Jeremiahbury
d3f642c8-adf2-423c-9df8-22303156190b	Cardiology	Barnesport
dba68d3e-00ff-481a-ab77-a1b20c446963	Orthopedics	New April
fdbf70ea-b3dd-4a92-a948-3f373f7acc54	Orthopedics	Josephtown
a9779905-ce91-4019-b98a-87ea4ad69c00	Pediatrics	South Robertview
b4778385-1002-4353-bc65-247853dd1659	Pediatrics	Youngchester
da4cd91f-08ca-42cb-bb4d-942fb84392e8	Neurology	Owensborough
772a0e27-5330-479b-bf1c-85ffbf144e0c	Orthopedics	Gonzalezfurt
4596184d-dc23-4049-b1f9-5df1e3fcbd49	Cardiology	South Dennis
d3067b2a-ace4-440d-a306-f242e1dbd2ad	Neurology	Burkeport
5ee2b1f9-ff6d-4bc3-8e56-2f725fe8ff91	Pediatrics	Hunterfort
490dee68-6227-4181-b1ef-4fecd2cee85d	Pediatrics	Port Melissabury
40e2a5df-8d38-4780-82aa-e05002ff90e5	Neurology	North Leslieton
8a057df3-ddce-4973-bc31-518482022f21	General Practice	Patrickton
4737f00f-52f2-4910-9dee-6ec58611b3bd	Orthopedics	Lake Richard
57f72878-a3af-49c2-9ec7-822b472c66f3	Neurology	Jarvisshire
21cf7f1a-6bbf-4d24-9b28-3154b05e43b6	Cardiology	Zamoraton
fcabb4cf-54e7-4cfb-9c59-40844e8fb71d	Neurology	East Lauriemouth
af2b82e0-6da4-49c8-bfc4-19074dec895c	General Practice	West Jeffrey
63c86672-66bd-4015-93cd-03245f4e2056	Orthopedics	South Kimberlyberg
e046afe5-205f-45a2-b0dc-60c287e4f72d	Pediatrics	Lake Alberttown
9a9521e9-e664-4213-bf55-6fa6aaa48b23	Pediatrics	Lake Alan
b095ee46-a0d1-40b4-afba-63e40f946503	Pediatrics	Craneberg
4b33892d-e54c-4aa9-8f4b-55cc86462ccd	Pediatrics	Stephaniemouth
f53cee02-6a5e-479d-bc00-e0891b1981d1	Neurology	Jenniferside
dc9373bd-c787-4ab2-b40b-6afce79b2941	General Practice	North Kennethmouth
61931c23-8b10-4c09-9cfc-1d480ac7c995	General Practice	West Kristabury
eb326984-c4c0-4bbd-ac57-8784cf0854c4	Pediatrics	Lauramouth
0c8bddd4-0358-4e5a-b165-2f4d62454c06	Cardiology	North Craigmouth
c4cad411-9e8b-4660-816b-b03d6a4fc95d	Pediatrics	East Natashatown
e1546b5b-d3cb-4f33-9276-a14b47b33e85	Neurology	East Larrytown
22f0faa8-932a-4ed3-bf4d-05314075b255	General Practice	Kimberlyshire
134cae3f-8ea2-4c0c-8dd3-a9a7598f1e87	Orthopedics	Nathanielhaven
b492de37-7478-4905-8cee-e45be33706b2	Pediatrics	Jennifertown
5f284987-3ed4-44a2-a965-ff3f9e8a26f0	Pediatrics	Joshualand
5787c1a5-43ae-4998-aa73-5356e860e552	Cardiology	South Cynthia
5cbbe65e-656d-41ff-a91a-708447bda814	Cardiology	Derekshire
aa28d2db-6c2f-4441-99b1-9182ca0b0604	General Practice	North John
e970c858-c906-45a4-ad9f-01ebfb99c9e7	Neurology	Brownton
3cdf44be-ef58-4298-bf87-c99d186a06d2	Pediatrics	Aguilarbury
cbb8a096-8992-432b-af2f-cf9bbb69012f	Orthopedics	Nicholsberg
2469b4f8-6198-4ad5-b34e-5c008a79b81c	Orthopedics	Port Andrea
1e4d4a85-03d6-4604-9c28-0ca40cf8a73a	Pediatrics	Cookfurt
ef95fbb0-6f45-4585-b6e2-fbf8cb42b37b	General Practice	Ritafurt
5603da3f-569e-4f54-8b15-dc14e93bc5ef	General Practice	Perezshire
102f7854-cb4e-4bfb-8114-d7460ea9b82d	Cardiology	Barnesville
95b0ed71-a73d-456e-9773-b012dfc33846	Neurology	Blakehaven
d5138c46-efe1-4c59-be87-ee0bc34e8b59	Pediatrics	Samuelhaven
b3fc46f1-2e72-4523-9cab-2cd38f04f7e6	Pediatrics	Port Johnmouth
ff6b3915-8ac4-48b7-965e-76154d627485	Cardiology	Harrisontown
ed55392c-f9e3-469c-9367-00df827b1cf6	Pediatrics	South Jessicabury
8c1a48d8-bebe-490d-aa58-a29c6bdcab73	Neurology	Lisatown
f550c56c-d590-4862-9abf-3549d809ff23	Orthopedics	South Marissa
70af5caa-75ca-4fab-914b-089c4921222a	Orthopedics	Penningtonview
6c6289ec-0b19-42e7-ada7-54efa8564dcd	Neurology	Lake Todd
221c5684-7fef-4b75-a4a7-d7f741fd09b0	Orthopedics	South Matthewland
5731e22b-131b-445f-8be7-bd3775a018a7	General Practice	New Curtis
e48dc146-79de-4bfd-bf0f-859dbdaafbb8	Pediatrics	Corteztown
ecdb617d-a776-4d94-97bb-d93bef3f2edb	Neurology	Courtneyburgh
f4af65e6-956c-43cf-9e4a-a885e4826960	General Practice	Martinview
