ProviderID,ProviderSpecialty,ProviderLocation
4a4cb19c-4863-41cf-84b0-c2b21aace988,Cardiology,Jameshaven
422e02dd-c1fd-43dd-8af4-0c3523f997b1,Pediatrics,Beltrantown
f7733b3f-0980-47b5-a7a0-ee390869355b,Cardiology,West Charlesport
f7a04581-de96-44ee-b773-8adac02baa59,Neurology,West Aprilhaven
b80b9e77-97f0-47d7-b561-19f9658a7bdf,General Practice,Lake Michele
5c45438c-7854-448c-bd53-7f28a3321133,Pediatrics,Lake Robert
bedfcca2-7c2c-4d1e-a86b-d2694cbd334b,Neurology,Morenoton
dc3d59d2-e1f1-4314-b276-bb4ae84b37e9,Cardiology,South Andrew
97145993-2c15-42b2-a738-b999bd669788,General Practice,Blackburnfurt
1d92ed08-3a88-4ede-84bc-62d879f40327,Neurology,South Gloriachester